Name,Sequence,Type,Locus
Bacu12SP,CTGAGTTAATGAACAGGGGCTCT,Probe,12S
Bbai12SP,AGCTTGCTAACACACGCT,Probe,12S
Bmus12SP,GCTTGGCCTGAGTTAATGAACTGT,Probe,12S
Dleu12SP,TAGATTACTAACCCATGCTAAGCAAGT,Probe,12S
Dleu16SP,TGACTGTTAATTATCAGTGTAA,Probe,16S
Erob12SP,CCAGGCCAAGCAATTCGTACA,Probe,12S
Mden12SP,CCTCAAGCATTATCACTGAGCTCA,Probe,12S
Meur12SP,AGAGCTTGGCGATACTGCTTG,Probe,12S
Mnov12SP,TTCATTAATTCAGGCCAAGCAAT,Probe,12S
OoCR57P,TGTTTTAAAAACATTCCACTGTACACAC,Probe,Control Region
Ppho_CytbP,CTATGACTATTAGTAGTAAGAGCACCC,Probe,Cytb
