Locus,Forward_name,Sequence_PrimerF,Reverse_name,Sequence_PrimerR,Num_alignments
Cet-12S,Cet-12S-F,CATGRAGCACGCACACA,Cet-12S-R,CTTGTTACGACTTGTCTC,5000
Dleu-16S,Dleu-16S-F,TCTCCTCGCACAAGCTTAC,Dleu-16S-R,GTTAACAGTGTATTTAATAAATG,5000
Oorc-CR,Oo-CR-13F,CAATTACTATAACATCACAGTACTACCC,Oo-CR-123R,AGACTAGAATATTAATATGTATGTGTATGTG,5000
Ppho-Cytb,Ppho_Cytb-F,GTTCTTCATTTGTCTTTATATCCATATTG,Ppho_Cytb-R,GCACCTCAAAATGATATTTGTCCT,5000
Ttru-16S.1,Ttruncatus.16S.F1,AAACAAGTTTTAATTTCAAC,Ttruncatus.16S.R,CTTGTGCAAGGAGAAAG,5000
Ttru-16S.2,Ttruncatus.16S.F2,CAAAAACAAGTTTTAATTTCAAC,Ttruncatus.16S.R,CTTGTGCAAGGAGAAAG,5000
Actinopterygii-16S_16S-fullmit,Actinopterygii16SLRpcr_F,CAGGACATCCTAATGGTGCAG,Actinopterygii16SLRpcr_R,ATCCAACATCGAGGTCGTAAAC,5000
Actinopterygii-12S_16S-2kbp,Actinopterygii-12S-F,ACAAACTRGGATTAGATACC,Actinopterygii16SLRpcr_R,ATCCAACATCGAGGTCGTAAAC,5000
Chond-16S_16S-fullmit,Chond-16S-lrPCR-F,AGGRYTCGTTTGTTCAAC,Actinopterygii16SLRpcr_R,ATCCAACATCGAGGTCGTAAAC,5000
CyclosSarcop-16S_16S-fullmit,CyclosSarcop-16SlrPCR-F,CAGGTCAGYTTCTATCTAT,CyclosSarcop-16SlrPCR-R,GATTACTCCGGTCTGAACTC,5000